"city_name","hotel_name","hotel_star","review_reviewername","review_reviewerloc","review_quote","review_text"
"Labuan Bajo","Luwansa Beach Resort","0","cahyaning","Jakarta, Indonesia","Hotel Yang sesuai di labuan bajo","Hotel dekat dengan bandara. Kamar nya cukup bersih, tapi kondisi pantai yang cukup banyak sampah padahal kalau pantai nya lebih bersih lagi akan lebih baik. Pelayanan dari hotel cukup baik dengan memberi informasi wisata"
"Labuan Bajo","Luwansa Beach Resort","0","Fania N","Jakarta, Indonesia","Opsi yang bagus untuk tinggal di Labuan Bajo","Pantai di Luwansa bersih dan luas. Kolam renang menghadap ke laut sehinga bisa menikamati matahri tenggelam, makanannya juga enak dan segar. Sarapan pagi sangat bervariasi. Pegawai sangat ramah. sayangnya desain kamar sangat biasa saja. Kalau mau ke sana, pilih Kanawa (Villa) yang lantai 2"
"Labuan Bajo","Luwansa Beach Resort","0","Yutika V","","Resort Indah di Tepi Pantai","Pelayanan yang diberikan sangat baik. Pihak Receptionist bersedia menghubungi agen perjalanan kami karena ada perbedaan nama dalam reservasi kami. Sayang pantai yang di depan hotel kotor, meskipun bukan tanah milik hotel ada baiknya pihak hotel bekerja sama dengan seluruh hotel di pinggir pantai yang lain untuk bekerja sama mempekerjaan petugas pembersih sampah. Malu sekali bila turis asing bercerita tentang sampah tersebut ke dunia liluar. Selain itu pelayanannya baik sekali. Kami sempat tertinggal barang, baru menyadari 2 hari kemudian. Barang tersebut masih ada dan disimpan oleh pihak hotel. Makanan baik. Kamar bersih, kami mendapatkan upgrade gratis dari kamar yang kami pesan sebelumnya menjadi type suite. Kebetulan yang sangat menyenangkan. Terimakasih untuk keramahtamahannya."
"Labuan Bajo","Luwansa Beach Resort","0","hasto w","","Indah pemandangan sunset dari hotel Luwansa Labuan Bajo","Hotel Luwansa Labuan Bajo sangat dekat dengan bandara Labuan Bajo. Hanya ditempuh sekitar 15 menit. Hotel ini sederhana, cukup bersih, tersedia tangga untuk wisatawan berkursi roda bila hendak mencapai kamar tidur. Bila tiba di bandara bisa kontak hotel untuk dijemput. Tapi harus dimonitor karena bisa pihak hotel bisa lupa. Pemandangan sunset dari rumah makan sangat bagus. Untuk makan satu porsi kira-kira Rp60 ribu. Jika bosan makan di hotel bisa keluar untuk mencari kuliner ikan bakar di dekat pantai. Per porsi ikan bakar sekitar Rp50 ribu."
"Labuan Bajo","Luwansa Beach Resort","0","ikaayu15","Surabaya, Indonesia","Bersih, nyaman, pemandangan ke pantai yang indah","Kami menginap 2 malam di hotel ini. Kami tinggal di kamar yang langsung memghadap ke pantai. Kamarnya sangat nyaman dan bersih. Kami hanya sedikit bermasalah dengan kunci pintu, namun ketika kami komplain, pihak hotel langsung menanggapi dengan datang langsung ke kamar dan segera membetulkan tanpa menunggu lama. Ketika sore hari, kami bisa langsung melihat sunset yang sangat indah. Ketika pagi hari, kami bermain di pantai, sangat tenang, seperti privaye beach. Pantainya bersih, terawat dengan baik. Hanya satu hal yang terlewatkan, mungkin pihak hotel bisa menambahkan anti lalat di area sekitar restoran. Karena sangat banyak lalat yang datang metika kami sedang makan. Anyway, Keep up the good work!!"
"Labuan Bajo","Luwansa Beach Resort","0","Oyank","Flores, Indonesia","Hotel bersih dengan staf yang sangat ramah","Hotel yang bersih, relative harganya murah dan view ke pantainya sangat bagus. Hotel dengan view sunset yang juga sangat keren. Sangat cocok untuk yang berbulan madu ataupun liburan keluarga besar. Keramahan kepada tamu sangat terasa."
"Labuan Bajo","Luwansa Beach Resort","0","H_Bama","Jakarta","Ramah, Nyaman, Bersih","Setelah hampir seminggu melakukan perjalanan darat dari Maumere ke Labuan Bajo, Luwansa memberikan kenyamanan yang benar-benar saya butuhkan setelah perjalanan yang melelahkan. Seluruh stafnya ramah, fasilitas antar jemput mobil pun gratis dan dapat diandalkan, dan saya mengabadikan foto matahari terbenam paling dramatis yang pernah saya ambil. Pantai di Hotel Luwansa menyediakan pemandangan yang luas ke arah laut yang memungkinkan diambilnya foto tersebut."
"Labuan Bajo","Luwansa Beach Resort","0","Jaattss","Jakarta, Indonesia","Harga Sesuai dengan Kualitas","Kamarnya cukup bersih dan rapi meski air hangat di kamar antara nyala dan tidak. Tapi staf sigap menawarkan pindah kamar atau mandi di kamar lain. Sarapannya biasa saja, tidak lengkap. Pantainya sepertinya kurang bersih untuk berenang. Kolamnya ya oke, tapi waktu saya datang saya menemukan ada sedikit kotor di permukaan airnya. Tapi sesudah itu dibersihkan oleh petugas. Stafnya banyak aganak PKL SMA, jadi maklum bila beberapa permintaan perlu diulang beberapa kali agar mengerti."
"Labuan Bajo","Luwansa Beach Resort","0","Sitta-Azurea","Bogor, Indonesia","Pelayanan yang ramah dan membantu","Saat bertugas ke Labuan Bajo, saya menginap di Luwansa. Meskipun menurut saya kamar hotelnya tidak terlalu spektakuler untuk ukuran resort Hotel, kamar mandinya pun terkesan gelap, karena tidak ada jendela. Namun letak hotel yang berada di pinggir pantai (yang sangat tenang ombaknya) menjadi daya tarik tersendiri. Yang paling menonjol adalah keramahan staf hotel dan mereka sangat membantu saat tamu perlu informasi maupun bantuan lainnya. Layanan antar jemput (gratis) juga disediakan baik untuk ke bandara maupun untuk sekedar mencari makan malam di pusat kota Labuan Bajo. Yang saya sukai adalah kolam renang di pinggir pantai, selain karena udaranya segar, saat pagi dan siang hari saya asik mengamati burung-burung yang berterbangan di sekitar kolam dan pantai, saat sore jika cerah dapat menikmati sunset, dan saat malam hari menikmati bentangan langit penuh bintang yang tampak jelas dan tentu saja indah."
"Labuan Bajo","Luwansa Beach Resort","0","Vesta5675","Jakarta, Indonesia","'Homey' & Servis yg Bagus","Saya sudah menginap di Luwansa beberapa kali dan selalu puas dengan pengalaman saya.Luwansa memiliki staff2 yang sangat baik dan perhatian dalam melayani tamu. Fasilitas antar jemput bandara/pelabuhan juga selalu bisa diandalkan.Swimming Pool nya terletak di tepi pantai sehingga memiliki pemandangan cantik saat sunset.Kamarnya nyaman, baik yang type Deluxe maupun Villa. Harga yang ditawarkan juga masih OK, walau tidak bisa dibilang murah.Lokasi-nya hanya 10 menit dari airport, restaurant2, maupun bandara.Makanan lumayan OK, walaupun masih bisa ditingkatkan lagi mutu-nya.Sayangnya WiFi hanya tersedia di public area seperti lobby dan restaurant.Yang perlu diperhatikan:1. Kebersihan kamar type villa (banyak serangga)2. Kebersihan Kolam Renang (sebaiknya dibersihkan setiap minggu)"
"Labuan Bajo","Luwansa Beach Resort","0","DBahariyono","Denpasar, Indonesia","Santai di Luwansa","Pada februari lalu, Setelah menempuh perjalanan cukup panjang mulai dari Bali, Lombok, Bima, Ruteng, Ende. Sebelum kembali ke Denpasar Bali, dari Ende saya sempatkan singgah di Labuan Bajo. Setelah mendapat informasi dari rekan kerja mengenai pilihan hotel untuk menginap di Labuan Bajo, akhirnya saya tentukan pilihan di Luwansa Beach Resort (tanpa melihat apa dan bagaimana kondisi hotel tersebut). Siang hari sekitar jam 14:00 saya sampai di Bandara Komodo Labuan Bajo, saya dan rekan kerja dijemput langsung oleh suttle car menuju ke Luwansa Beach Resort dan tidak lebih dari 10 menit sudah sampai. Saat pertama masuk lobby kesan santai dan tenang Nampak terasa. Saat menunggu check in, Nampak di bagian belakang air laut biru pantai Labuan Bajo yang sangat indah.Kondisi kamar yang saya pesan adalah jenis Villa dengan view langsung pantai, sungguh merupakan pemandangan yang sempurna dilihat dari kamar yang cukup luas, bersih, rapi dan harganya....lumayan murah - ini yang penting :-).Saat menjelang senja, saya sempatkan duduk di tepi kolam renang yang langsung berada di bibir pantai, sambil berharap dapat melihat sunset. Subhannallah....sungguh indah ciptaan-NYA...sunset sempurna di sore itu.Tempat yang indah, hotel yang tepat, harga terjangkau, karyawan yang ramah, dan makanan yang lumayan enak membuat saya betah, tapi sayang karena faktor pekerjaan yang masih menunggu sehingga hanya semalam saya berada disitu. Suatu saat saya janji akan datang lagi untuk waktu yang cukup. Terima kasih."
"Labuan Bajo","Luwansa Beach Resort","0","Christini_lo","Jakarta, Indonesia","Tempat yang tenang","Setelah perjalanan kapal yg cukup panjang, akhirnya saya memilih hotel ini karena kamar mandinya yg enak (note:saya ambil tipe cottage kanawa). Pelayanan karyawan sangat ramah, restorannya terbuka, persis disamping kolam renang yg juga menghadap pantai dengan view sunset.Rate yang saya dapat juga lumayan murah hehehe berkat teman :) ohya, free antar jemput max.4x sehari, dan antar jemput bandara, jadi sangat menghemat ongkosYang kurang cuma jangkauan wifi yang hanya ada di lobby dan ruang meeting"
"Labuan Bajo","Luwansa Beach Resort","0","Simon_Nany","Larantuka, Indonesia","bagus untu liburan","Untuk urusan kerja di Labuan Bajo, bulan mei yg lalu saya nginap 5 hari di hotel Luwansa. Letaknya tdk sampe 10 menit dr Bandara, berada di tepi pantai Pede. Lokasi hotel bagus utk menyaksikan sunset yg indah dr tepi kolam renang yg bersih. Restoran yg berada di tepi kolam renang dan pantai sangat menyenangkan. Menunya lumayan. kamarnya bersih, dan luas. Karyawannya sangat ramah dan selalu siap membantu..Mungkin yg perlu dibenahi lagi, wifi-nya.Terima kasih..."
"Labuan Bajo","Luwansa Beach Resort","0","ramson a","indonesia","Tempat ini luar biasa","Kamarnya sangat luas dan nyaman untuk beristirahat, bersih, kamar mandi yang sangat besar menghadap ke arah matahari terbenam, makanan yang enak dan kolam yang mengagumkan terletak di samping patai, dan pelayanannya juga sangat ramah.SEKARANG, TEMPAT KARAOKE DI SEBELAH SUDAH TUTUP, jadi tempat ini adalah tempat yang sangat baik sebagai tempat menginap."
"Labuan Bajo","Luwansa Beach Resort","0","PerthGlobal","","Terlalu mahal","Saya dan pacar saya menginap selama 1 malam. Tempat ini berada sedikit di luar kota namun hanya memakan biaya US$0.50 - $1 menggunakan motor menuju kota.Pelayanannya tampak sangat baik. Sepertinya mereka bermaksud memberikan pelayanan bintang 5 namun tempat ini rasanya kurang memiliki pesona. Pegawainya sangat ramah, kamarnya sangat bersih (kasurnya nyaman, kamar mandi bagus dll.) Jika saja tempat ini harganya $50 saya akan memberikan penilaian yang lebih tinggi, namun kurang sesuai kualitasnya untuk harga $80+"
"Labuan Bajo","Luwansa Beach Resort","0","laurapj","","Surga Terpencil?","Saya mengalami kendala berkomunikasi dengan petugas, meski saya sudah berbahasa Indonesia. Petugasnya menyenangkan dan siap untuk membantu, salah satu layanan yang tidak ada di Australia! Kamarnya dibuat mudah untuk disinggahi. Sayang sekali, makanannya biasa saja, namun secara keseluruhan persinggahan kami nampak kemahalan. Meskipun begitu, pantai dan kolamnya sungguh mempesona, mengamati matahari terbenam dekat kolam itu benar-benar mengagumkan."
"Labuan Bajo","Komodo Resort & Diving Club","0","Oyank","Flores, Indonesia","resort indah dengan pemandangan laut yang menakjubkan","Sekali waktu perna ke tempat ini dan sungguh luar biasa penataan bungalow yang sangat mewah namun nuansanya tradisionla. Memang cukup mahal untuk menginap di sini, namun nilai yang dibayar sebanding dengan apa yang didapatkan. KIta dapat dengan mudah melakukan snorkeling di sepanjang pantainya. Indah dan luar biasa."
"Labuan Bajo","Komodo Resort & Diving Club","0","gillandderek44","Teramo, Italia","Segala yang kita harapkan, bahkan lebih.","Saya merencanakan liburan ini cukup lama dan mengkombinasikannya dengan Raja Ampat. Kami pernah berkunjung ke kawasan ini sebelumnya dengan menggunakan liveaboard dan kami tahu penyelaman yang kami harapkan.Tidak mengecewakan. Mulai dari satu jam bersama pari berjumlah banyak sekali sampai 30 menit bersama oceanic sepanjang 5 meter, serta menemukan gurita cincin biru di situs yang belum pernah saya lihat. Semuanya ada.Tentu saja penyelaman di musim penghujan seperti itu, kami sama basahnya di darat maupun di laut, tetapi kru kapal dan kru selam mengupayakan supaya mereka bisa menyenangkan kami dan tamu yang lain. Kami tidak bisa minta lebih dari ini. Bahkan, saya merasa mereka sampai mendatangkan pemandu lokal untuk kami, dengan biaya mereka (kami penyelam yang benar-benar lambat).Makanannya luar biasa, juga staf restorannya. Makanan Indonesia untuk makan siang, sajian Italia untuk makan malam, dan apa saja atau keduanya untuk sarapan. Mengingat Anda berada di tengah antah berantah, ini cukup menakjubkan.Akomodasinya juga lebih bagus dari ekspektasi kami. Saya menyarankan Anda membayar agak lebih besar untuk kamar dengan pendingin ruangan. Tidak sempurna, tetapi di hari-hari tertentu saat suhu udara rasanya mencapai 40 derajat di luar, ini sesuai. Membantu mengusir nyamuk di malam hari juga.Satu hal lagi. Anda harus mencari waktu untuk berjalan kaki sampai ke puncak pulau. Pemandangannya luar biasa, fotonya tidak dapat menyamai keindahan ini.Secara keseluruhan, perjalanan ini luar biasa. Stephano pemiliknya sangat niat dan memastikan semua tamu mendapat pelayanan terbaik. Roberto, instruktur arus, sangat luar biasa dan punya triliunan kisah untuk diceritakan. Anke adalah divemaster kami, saat ini menjadi pekerja lepas, tetapi Stephano pasti marah kalau tidak berhasil mendapatkannya.Kami jarang berkunjung ke tempat yang sama, tetapi tempat ini tampaknya layak dikunjungi lagi saat kemarau. Sebaiknya bersiap dari sekarang. :-)"
"Labuan Bajo","Komodo Resort & Diving Club","0","singingtiffany","Singapore","Selam dan makanannya sangat baik, tetapi agak mahal","Kami menginap selama 2 malam di sana untuk bulan madu kami.Instruktur selamnya luar biasa, mereka tahu kapan dan di mana Manta akan muncul, jadi mereka memandu Anda ke tempat tersebut sehingga Anda hanya harus menunggu dan tidak mengejar Manta. Kami menyelam 2 kali, dan melihat 1 Manta ketika pertama kali menyelam, dan paling sedikit 7-8 Manta di penyelaman ke 2.Makanannya sangat enak! Khususnya hidangan Italia mereka. Juga dengan snorkeling di sekitar pantai saja Anda bisa melihat begitu banyak batu karang lembut yang tidak biasa Anda lihat di tempat lain.Kami merasa tempat ini agak mahal, tetapi kami pikir ini karena lokasinya di sebuah pulau privat, jadi segala sesuatu harus dibawa ke sana. Dengan biaya selam, kami menghabiskan lebih dari seribu dollar US untuk menyelam, perjalanan ke Pulau Rinca, akomodasi, dan makan 3 kali sehari, selama 2 hari menginap saja.Satu-satunya kekurangan dari seluruh pengalaman ini adalah pemesanannya. Kami menelepon hotel ini, dan menyebut tawaran dari Tripadvisor, dan diberi informasi bahwa tidak ada kamar yang tersedia. Tetapi Agoda menunjukkan ada kamar, jadi kami memesannya di sana. Lalu ketika kami minta diskon yang ditawarkan di Tripadvisor, kami diberitahu diskon ini tidak berlaku karena kami memesannya lewat Agoda. Kami berusaha meyakinkan mereka, dan kami diberi informasi bahwa untuk malam terakhir, tidak ada kamar yang tersedia, dan kami akan diberi uang kembali sebesar 50 Euro, serta mereka akan memesan sebuah kamar untuk kami di pulau utama untuk malam itu, atau kami bisa menginap di kamar direktur. Kami memilih kamar direktur dan menerima diskon 50 Euro. Beberapa hari kemudian, kami diberitahu ada 2 tamu yang membatalkan pesanan mereka, dan sekarang mereka ada kamar yang tersedia untuk seluruh 3 malam.Informasi bolak balik ini sedikit membingungkan, jika saja kami diberi kamar ketika kami pertama kali menelepon, setidak-tidaknya pemilik resor bisa menghemat uang komisi yang mereka bayarkan pada Agoda, dan kami juga bisa menghemat dengan menggunakan promosi Tripadvisor. Juga ketika Anda memesan lewat Agoda, keterangannya tidak begitu jelas, sehingga kami tidak tahu bahwa kamar standar (bukan deluks) tidak memiliki pendingin ruang, dan kami harus membayar ekstra 25 Euro semalam untuk mendapatkannya. Satu hal lagi, ketika kami memesan lewat Agoda, kami tidak dapat menikmati paket selam, yang lebih murah dibandingkan dengan membeli wisata selam sendiri. Jadi, total kami membayar paling sedikit 100-200 Euro lebih banyak daripada seharusnya.Akhirnya semuanya baik-baik saja, manajernya, Stefano, mengatur supaya kami bisa melihat Komodo dan melakukan 2 penyelaman dalam satu hari, karena kami hanya memiliki waktu 1 hari penuh saja, sebab kami ketinggalan pesawat. Tetapi pengalaman ini seharusnya jauh lebih baik jika manajemen resor mau bertanggung jawab atas masalah pemesanan, dan lebih fleksibel dalam menanganinya."
"Labuan Bajo","Komodo Resort & Diving Club","0","scarletmelete","London","Selam yang sangat bagus, pulau yang indah, dan staf yang ramah","Tidak banyak yang bisa saya tambahkan yang belum disebut oleh orang lain. Bungalow ini dirancang dengan sangat baik, dan luas. Wisata selamnya fantastik, bukan saja karena ikannya, tetapi karena Roberto sangat bersemangat dan sabar. Tersedia banyak makanan yang sangat enak. Dan semua staf lokal berusaha semampu mungkin untuk memastikan Anda senang.Mungkin lebih mahal daripada pulau backpacker di dekatnya, tetapi jika Anda mampu berfoya-foya sekali saja selama liburan Anda di Indonesia, maka ini adalah tempat untuk melakukannya!"
"Labuan Bajo","Laprima Hotel","0","Martinus_Yang","Surabaya, Indonesia","Pelayanan bintang 5 dan lokasi yang langsung bersebelahan dengan pantai","Kamar ini memiliki tipe kamar yang menghadap ke balkon dan juga ke pantai, semuanya menawarkan pemandangan yang luar biasa bagus. Terletak menjorok ke dalam sehingga tidak langsung berhadapan dengan jalan raya sehingga sangat tenang untuk beristirahat.Saya menginap selama 2 hari dan sangat merekomendasikan hotel ini jika ke Labuan Bajo. Pelayanan staf hotel sangat profesional dan ramah, fasilitas yang ditawarkan cukup banyak seperti: kolam renang, spa, fitness center, dan pelayanan konvensional seperti laundry, safe deposit box, dsb. Menu makan pagi beragam dan berbeda setiap harinya, restoran buka hingga pukul 10 malam dan menunya cukup beragam pula. Kamar dan kamar mandi sangat bersih ketika pertama kali masuk. Saya sangat puas dengan pelayanan bintang 5 yang ditawarkan dan saya pasti akan memilih hotel ini lagi jika ke Labuan Bajo."
"Labuan Bajo","Laprima Hotel","0","Ferdinand I","Surabaya, Indonesia","kamar bersih dan ac yang dinginn","saya check in 11 januari 2016 untuk 2 malam, #602 milih yang hill view, coz lebih murah daripada sea view hehehehelokasi hotelnya ada di kawasan hotel berbintang (ex: luwansa, bintang flores, jayakarta dll) yg punya pemandangan pantai di belakang hotelnya tapi cuman bagus kalo pas air pasang, kalo surut.... banyak sampah, cukup jauh dari jalan soekarno hatta yg menjadi jalan utama di Labuan bajo, untuk b.fast standar banget lah, tapi cukup enak kok bumbunya dan tampilan penyajiannya, receptionnya aga kaku waktu saya check in, tapi setelah sering lewat lobi akhirnya bisa senyum juga, oiya ada free shuttle juga loh, tinggal info aja ke reception"
"Labuan Bajo","Laprima Hotel","0","rinachan11","jakarta","The beest hotel after your hard day :)","Saya menginap di laprima selama 5 hari, Hotelnya sangat sangat bagus, view nya menuju laut, swimming pool nya keren, sarapan oke punya. Tetapi kita perlu mobil atau motor sewaan, untuk mengakses tempat lain, misalnya obyek wisata goa batu cermin. Harga sewa motor relatif murah dan makanan disini relatif murah dan enak, pasar malam ikan ajib dikunjungi, beragam ikan fresh ada disana dan lokasinya tidak terlalu jauh dari hotel."
"Labuan Bajo","Laprima Hotel","0","FitriYenti","Bandung, Jawa Barat, Indonesia","Perfect Hotel with Private Beach and Hill","Pembatalan sepihak dari sebuah maskapai penerbangan, membuat saya dan teman-teman diinapkan di tempat ini.La Prima Hotel, sebuah hotel dengan pantai dan bukit yang menarik di sebelahnya. Setelah sampai di kamar, dan beberes sebentar, hari telah menunjukkan Pukul. 17.00 Wita. Saya diajak teman untuk trekking ke bukit sebelah untuk melihat sunset. Lumayan juga, trekking dengan anak tangga hingga ke puncak bukit, menemuka pemandangan matahari terbenam yang sungguh indah. Itu adalah hari ke empat kami di Labuan Bajo. Deretan hutan kering karena musim, ditambah dengan air laut yg biru serta matahri terbenam yang berwarna kuning keemasan itu membuat saya sangat layak bersyukur padaNya.Lepas itu, kami turun, menyusuri halaman belakang hotel. Teman-teman saya yang lain sedang asyik berenang, diselingi dengan cemilan. Saya dan dua orang teman yang lain, duduk bersantai di pantai yang akses nya juga langsung dr halaman belakang hotel.Makanan pun rasanya enak, makan malam, dan sarapan pagi yang telah disediakan dari jam 5 subuh itu cukup membuat perut ini kenyang.Terima kasih untuk fasilitas dan pelayanan yang baik. Semoga suatu hari nanti sy bisa kembali."
"Labuan Bajo","Laprima Hotel","0","supique","Jakarta, Indonesia","Hotel yang lumayan bagus","Hotel yang lumayan bagus, view sih bagus, kamar agak sedikit kurang bersih. Tapi untuk standard flores sih sebenernya sudah bagus banget. Lokasi juga oke. Makan pagi juga lumayan. Kamar tidur sih ukuran juga lumayan."
"Labuan Bajo","Laprima Hotel","0","dokterjakut","","hotel mewah di labuan bajo","Bangunan baru dan modern,,infinity pool menghadap pantai langsung,,,, kamar luas,,, ada bathtub,,,, ada jubah mandi dan balkon,,,, saya puas banget bahkan ingin kembali lagi kesana tapi berat diongkos kalondari jakarta,,,,kebetulan tahun lalu saya ptt jadi sekalian turing flores mampir di hotel ini"
"Labuan Bajo","Laprima Hotel","0","Williamj7310","Jakarta, Indonesia","Hotel bagus di Labuan Bajo","Hotel nya bagus dan cukup mewah karena harga nya tergolong mahal. Kamar tidur dan kamar mandi nya bersih dan luas. Dapat sarapan. Kolam renang nya juga cukup besar dan bisa melihat sunset pada saat senja. Lokasi nya sekitar 1km dari pusat kota Labuan Bajo dan bisa ditempuh dengan mobil hotel."
"Labuan Bajo","Laprima Hotel","0","Ciarina215","Jakarta, Indonesia","Hotel dengan pemandangan laut yang memesona","Kami sempat menginap di hotel ini ketika berkunjung ke Labuan Bajo. Hotelnya sangat nyaman dan cukup modern di Labuan Bajo. Makan pagi yang disediakan juga cukup lezat. Hotel ini juga dilengkapi dengan kolam renang yang cukup menyenangkan dan pemandangan sunset yang dapat dilihat dari kamar hotel sangat memesona."
"Labuan Bajo","Laprima Hotel","0","andrejayaprana","Jakarta, Indonesia","Hotel yang cukup bagus di Labuan Bajo","Saya sempat menginap satu malam di hotel ini bulan Juli lalu. Hotel yang cukup bagus di Labuan Bajo. Front Office dan lobby yang nyaman. Kamar yang bersih dengan perabotan yang modern. Beruntung dapat memperoleh kamar yang menghadap ke laut sehingga sempat menikmati sunset yang indah. Menu makan pagi tidak banyak variasi tapi cukup enak dan sesuai selera."
"Labuan Bajo","Laprima Hotel","0","Fania N","Jakarta, Indonesia","Melihat matahari tenggelam indah","Pilih kamar yang di sudut, suite, seaview. Bisa melihat sunset setiap hari. Sayangnya menu breakfast kurang bervariasi dan banyak lalatnya. Kalau beruntung bisa melihat monyet ekor panjang turun dari bukit di samping hotel."
"Labuan Bajo","Laprima Hotel","0","Melva R","","Viewnya bagus","Kesini pada Mei 2012. Cuma 1 malam aja.So far hotelnya bagus. Kamarnya agak sempit sih. Tapi view dari balkon kami bagus sekali krn lgsg ke pantai dan bisa liat sunset.Staffnya ramah. Hotelnya bersih. Tapi waktu itu airnya masih air payau. Jadi terasa lengket di badan. Mungkin karna waktu itu disana masih susah dapet air bersih"
"Labuan Bajo","Laprima Hotel","0","verayuanita","","Nice view tapi pantainya kotor :(","Saya kesini bersama keluarga memesan 3 kamar untuk 4 malam. Kamar cukup luas, breakfast standar banget. Ada beberapa masalah yakni ac mati, air bocor, tapi staf hotel dengan cepat memberi solusi ganti kamar. Letak hotel cukup strategis, dekat ke pusat kota dan langsung berada di depan pantai."
"Labuan Bajo","Laprima Hotel","0","ekaros","Jakarta, Indonesia","hotel dengan view yang indah","laprima hotel di labuan bajo, adalah salah satu hotel bintang empat di labuan bajo...lokasinya tidak strategis tetapi punya view sangat cantik. berada tepat di pinggir pantai, punya pemandangan kamar yang indah...pantai dengan deretan perahu pinisi yang memukau. bagian hotel yang paling indah adalah kolam renang yg mempunyai akses langsung ke pantai dan didesain dengan nyaman."
"Labuan Bajo","Laprima Hotel","0","sandirismansyah","","sandi rismansyah","Saya menginap di hotel ini bersama keluarga. Setelah masuk kamar dan ke balkon barulah keindahan hotel ini nampak. Pemandangannya begitu indah. Saya di lt 5. Terlebih saat sore dan pagi hari. Sangat indah. Kolam renang yg menyenangkan. Staf yg ramah. Liburan yg sempurna"
"Labuan Bajo","Laprima Hotel","0","foedji","Surabaya, Indonesia","Hotel tepi pantai dengan view sunset","2 malam menginap di Laprima Hotel Labuan Bajo benar2 kenangan yang luar biasa. Kamar dengan balkon menghadap laut dengan view sunset dan lantai yang cukup tinggi. Hotel ini tepat ditepi pantai, kolam renang yang bagus serta kamar cukup bersih dan tempat tidur yang sangat nyaman. Ada free antar jemput bandara. Sarapan lumayan, sayangnya kurang beragam. Wifi sangat bagus di lobby, di kamar sangat susah dapat sinyal."
"Labuan Bajo","Laprima Hotel","0","Afrialdi S","","Lokasi yang strategis, Pemandangan Indah dan Sunset Menarik","Lokasi hotel yang cukup dekat dengan kota Labuan Bajo sehingga akses ke lokasi hotel cukup mudah. Ditambah lagi hotel menawarkan free shuttle untuk penjemputan dan pulang sehingga memudahkan wisatawan. Semua kamar menawarkan balkon. Pemandangan dari hotel dengan view laut yang luar biasa. Ditambah lagi saat sunset yang menawan. membuat ingin semakin lama menginap di hotel ini."
"Labuan Bajo","Laprima Hotel","0","Oyank","Flores, Indonesia","hotel yang bersih dengan view sunset yang bagus","Hotel yang luas, bersih dna modern. Dengan kolam renang yang bagus dan view sunset yang indah. Menu sarapan paginya cukup lezat. Hotel sangat dekat dengan kota labuan bajo sehingga untuk mobilisasi ke tempat souvenir dan ke pelabuhan lautnya sangat mudah."
"Labuan Bajo","Laprima Hotel","0","cheryl e","Jakarta","Bersih dan area kolam renang indah","Hotel menawarkan free shuttle untuk pulang pergi airport/dermaga sehingga mudah sekali. Yang saya suka konsep nya sangat modern sehingga kesannya baru dan nyaman. Kamar juga disertai balkon sehingga bisa bersantai sambil melihat pemandangan pantai dan kolam yang indah dari kamar. Saran saya meminta kamar paling tinggi (lantai 9) sehingga view nya paling indah. Sayang saja wifi kamar sedang bermasalah saat saya tinggal sehingga hanya ada di lobby."
"Labuan Bajo","Laprima Hotel","0","MelanieDwtr","Bekasi, Jawa Barat, Indonesia","Pemandangannya ""amazing""","Hotel ini terletak di tepi pantai persis. Pemandangannya dari dalam kamar ke luar sangat menakjubkan, apalagi pas bangun tidur pagi. Rasanya lepas semua beban. Meskipun pelayanannya biasa aja, juga sarapan paginya, tapi mau lagi deh merasakan pengalaman menginap di hotel ini."
"Labuan Bajo","Laprima Hotel","0","elisabethlistyani","","Hotel dengan pemandangan laut dan makanan yang lezat","Setelah saya berlibur dari Pulau Komodo, saya memutuskan untuk menginap semalam di hotel ini atas rekomendasi seorang teman. Saya memilih kamar langsung menghadap laut di lantai 8. Sungguh indah pemandangan dari balkon kamar baik saat sunrise maupun sunset. Tidak sia- sia saya memilih hotel ini. Makan malam saya nikmati di resto hotel dengan menu ikan yang sangat lezat ditemani ombak malam. Sungguh suatu saat saya ingin kembali ke Labuan Bajo dan tentunya menginap di hotel ini."
"Labuan Bajo","Laprima Hotel","0","Mariawinds0r","Jakarta, Indonesia","hotel dengan pemandangan yang cukup menakjubkan","Sebelum balik ke Jakarta, saya menghabiskan satu malam di hotel ini. Dekorasi interior kamar tergolong standar dan pengalaman buruk sewaktu itu adalah keran dari toilet yang bocor. Tapi diluar itu semua hotel ini memiliki beberapa nilai lebih salah satunya adalah lokasinya yang dekat dari bandara sekitar 10 menit, pemandangan pinggir laut, sarapan dengan menu Indonesia yang lumayan ok. Di lantai lobby ada satu toko oleh-oleh tapi sayang pilihan yang ada tidak banyak. Jadi seringkali para wisman dan domestik akan mengunjungi salah satu toko pusat oleh-oleh yang terkenal yang berada di depan bandara Labuan Bajo."
"Labuan Bajo","Laprima Hotel","0","putri_eiskandar","Jakarta, Indonesia","Servis yang bagus dan pemandangan sunset yang indah","Laprima Hotel menurut saya sangat bagus, bersih, dan servisnya sangat memuaskan. Saya menginap di Laprima bersama dua orang teman dari AustraliaRuangan kamar modern fasilitas lengkap dari wifi-tv-air panas dan bisa juga menambah ekstra tempat tidur dengan menambah pembayaran sekitar 250.000 rupiah - bisa memilih pemandangan kamar yang menghadap pantai atau tebing, sarapan pagi dengan berbagai macam pilihan ala Indonesia dan adapun ala Barat walaupun tak banyak dan pada saat makan pagi saya duduk di dekat jendela kaca bisa melihat area kolam renang dan juga pantai dikarenakan lokasi tempat makan berdekatan. Pada Sore hari saya bisa menyaksikan indahnya matahari Tenggelam (sunset) dan pemandangan pantai yang indah , alasan saya memilih hotel ini di karenakan hotel ini menyediakan servis yang lengkap kamar yang nyaman, ada spa, servis boat untuk kepulau Komodo Rinca dan lain lain. Harga terjangkau."
"Labuan Bajo","Laprima Hotel","0","woribay","Jakarta, Indonesia","Baru dan bersih","Yang saya suka dari hotel ini adalah lokasinya yang cukup dekat dengan pusat kota dan bandara, serta berada di depan pantai dan kamar yang saya tempati pun memiliki pemandangan perairan Komodo yang sangat memukai. Sarapan pagi ala Indonesia cukup enak dan lokasi restoran berdekatan dengan kolam renang sehingga suasana makan pagi terasa nyaman dan segar dengan pemandangan laut juga. Kamar yang ditempati juga cukup nyaman dan bersih, dengan air panas yang cukup. Wifi tersedia di kamar dan restoran, meskipun jangkauan GSM tidak terdeteksi di dalam kamar.Saya menginap di bulan April dan awal Mei sebelum dan sesudah melakukan penyelaman di Taman Nasional yang terkenal itu. Di hari terakhir saya dan grup saya menginap terjadi letusan gunung Sangeang sehingga bandara Komodo ditutup beberapa hari. Area hotel sedikit berdebu dan karyawan tidak cukup tanggap mengantisipasi debu yang menghujani area tersebut. Secara keseluruhan fasilitas dan pelayanan cukup bagus, dan saya pasti kembali menginap di hotel ini."
"Labuan Bajo","Laprima Hotel","0","Wienz","","Bagus sekaliiiii","Lokasi di kota, dekat dengan bandara Komodo, hanya sekitar 10 menit. Bangunan lobby dengan langit-langit tinggi memberi kesan luas. Ada kolam renang sekaligus tempat bersantai dengan kursi-kursi di pinggirnya. Jika ingin keluar untuk belanja, hotel menyiapkan mobil yang bisa mengantar jemput, dengan biaya Rp 505b/trip. Pengantaran ke bandara gratis. Makanan cukup bervariasi. Tiap kamar ada balkon yang dilengkapi dengan 2 kursi dan 1 beja rotan kecil, bisa menjadi tempat istirahat sambil menc hirup udara asli (bukan AC). Amenities disiapkan walau tidak disimpan di kamar (misal hair dryer)."
"Labuan Bajo","Laprima Hotel","0","rickyandrian","Jakarta, Indonesia","hotel dengan seaview yang kereeennn","ini merupakan pertama kali saya ke labuan bajo, saya merasakan layanan yang prima, dengan pemandangan laut yang sangat indah. makanannya lumayan dan harganya juga affordable dan dekat dengan kota. di tiap kamar ada balkon sehingga sangat menyenangkan untuk menikmati pemandangan laut dari balkon"
"Labuan Bajo","Laprima Hotel","0","Endah_Jakarta","Jakarta, Indonesia","Hotel dengan pemandangan sunset terbaik","Saya menyukai konsep kolam renangnya yang langsung menghadap ke laut. Lokasinya menjadi piihan banyak turis karena di depan kolam renang adalah tempat di mana Anda bisa mendapatkan pemandangan matahari terbenam terbaik di Labuan Bajo! Kamarnya bersih dan cukup dengan kelengkapan. Sarapan pagi juga cukup banyak pilihan. Jangan lupa coba reflexy atau spa-nya, mereka punya terapis terbaik. Kaki dan badan pegal saya seusai trekking Wae Rebo dan snorkeling langsung hilang setelah dipijat."
"Labuan Bajo","Laprima Hotel","0","Alfalegro","Jakarta, Indonesia","Modern dan pool areanya sangat menarik","Poolnya sangat menarik, halaman belakangnya yang luas, langsung menyatu dengan pantai labuan bajo Sarapannya cukup banyak pilihan kamar sangat menarik dengan balkon menghadap Pelabuhan Bajo, bersih lokasi sangat dekat dengan labuan bajo dan dekat dengan cafe-cafe.. bila bangun pagi pagi silahkan joging menuju labuan bajosaya suka suasana di sekitar nya, pantai memanjang dari bukit ke arah selatan"
"Labuan Bajo","Laprima Hotel","0","432luckyd","","dharmawisata komodo","Hospatality dan respon para staff hotel kurang...... selain itu belum menunjukkan identitas daerah dimana tempat ini berdiridan terlalu modern. Harusnya dapat menyesuaikan atau pling tidak ada suasana kedaerahan. Tetapi terbilang nyaman bagi para pengunjung yang sedang berwisata karena dkat dengan keramain atau di dlam ibu kota kabupaten"
"Labuan Bajo","Laprima Hotel","0","Nick H","Washington DC, District of Columbia","Staff yang luar biasa di hotel ini","Kami tinggal di La Prima 2 kali untuk semalam. Staff disini adalah yang satu dari yang paling ramah yang pernah saya jumpai. La Prima adalah hotel baru (buka 8 bulan lalu) jadi mereka masih mengalami masa berkembang. Kamarnya sangat nyaman tetapi tidak dihias dengan baik. Kami mendapat kamar dengan pemandangan laut jauh menuju Komodo. Sarapannya enak dengan egg station dan area untuk bacon/hashbrown. Karena Labuan Bajo (dan Flores) didominasi Katolik jadi daging babi halal. Mereka memiliki makan malan gratis besar-besaran untuk tamu di malam tahun baru dengan ikan besar , banyak menu babu dan makanan tradisional Flores lainnya. Kolam renangnya sangat cantik dan menghadap pantai terbaik di Labuan Bajo (tetapi ini bukan segalanya)La Prima menawarkan kendaraan gratis dari dan menuju bandara dan keliling kota, Hal ini sangat berguna. Saya menantikan untuk kembali kesini di tahun ini untuk melihat bagaimana La Prima baju berkembang seiring berjalannya waktu"
"Labuan Bajo","Laprima Hotel","0","Ianfinchtgd","","Mahal tetapi murahan","Hotelnya agak baru, dan tampaknya telah dirampungkan sehemat-hematnya, sehingga perabotannya sudah mulai rusak dan tidak ada gambar ataupun hiasan dinding yang dipajangkan. Tidak nyaman sama sekali, tetapi mungkin cocok untuk dijadikan laboratorium.Sudah menunggu 50 menit untuk makan malam mi goreng di restorannya yang hanya diisi oleh kami berdua dan dua pelanggan lagi pada pukul 8 malam. Proses lapor masuknya pun lambat.Daerah kolam renangnya bagus, tetapi pemandangannya dirusak oleh sampah yang bertebaran di pantai sebelahnya. Selain itu, bangunan hotelnya sendiri seperti gedung beton.Dari segi harganya, hotel ini cukup parah dan mungkin lebih cocok untuk selera awam Indonesia yang ""modern"" daripada mereka yang mencari karakter dan pesona."
"Labuan Bajo","Laprima Hotel","0","thecyclingbackpacker","Inggris Raya","Pemandangan indah, kolam bagus","Kami menginap di penginapan tanpa kolam berenang sehingga kami memutuskan untuk menjelajah dengan motor kami suatu hari untuk mencari pantai atau kolam dekat Labuan Bajo.Kami menemukan hotel ini dan bertanya jika kami boleh menggunakan kolamnya. Kami bayar 100000 rupiah (sekitar £6) per orang dan mendapati kolam untuk kami sendiri. Hotenya kosong karena sedang bukan musim liburan, tapi kami mendapatkan sinar matahari sampai sore hari! Stafnya sangat ramah, dan resepsionis menawarkan diskon 40% untuk kamar jika kami ingin menginap. Kamarnya ditawarkan untuk 1,000,000 rupiah jadi kami dapat menginap untuk 600,000 (sekitar £40) saya kira sesuai dengan kualitas kolam berenangnya, pemandangan dan lokasi yang tenang.Kami tidak melihat kamarnya jadi saya tidak dapat berkomentar mengenai kualitas, tapi sekarang saya tahu jika anda bepergian ketika bukan musim liburan, anda dapat datang dan menawar! Kolamnya bersih, besar dengan bar. Kolamnya dibuat dan didisain dengan baik. Ada beberapa kegiatan renovasi terhadap pergola diluar dan berarti akan berisik sedikit, tapi karena hotelnya kosong, ini adalah waktu yang pas untuk memperbaikinya karena tidak ada yang dapat komplain. Kami mungkin akan menginap di hotel ini jika kami tidak berencana untuk pergi ke Lombok sore ini."
"Labuan Bajo","Laprima Hotel","0","beachbabyNottingham","Nottingham","Jika Anda butuh fasilitas dan ingin melihat Komodo – ini pilihan terbaik","Hotelnya besar dan baru. Kami dapat tarif murah, tetapi biasanya mahal. Kelebihannya: kolam renangnya indah, stafnya ramah, kamarnya bersih, kamar mandinya bagus dan dilengkapi dengan pancuran dan air panas. Pemandangannya indah: di depan ada laut, di belakang ada pegunungan. Kekurangannya: tempatnya tidak berjiwa dan tidak harmonis dengan lingkungan setempat, tidak ada atmosfer yang nyaman, harganya sangat mahal dibanding yang lain di Indonesia. Kami lebih menikmati tinggal di Golo Hilltop."
"Labuan Bajo","Laprima Hotel","0","weloveindonesia","Jakarta, Indonesia","Persinggahan prima @ La Prima Hotel","Kami menginap di sini selama 6 malam dan sangat menikmatinya. Hotel ini baru saja dibuka bulan April lalu dan kamarnya bersih. Kami sangat beruntung karena kami datang selama musim sepi (akhir September) dan kami mendapatkan kamar Superior yang sangat bagus dengan pemandangan laut. Kamar itu berada di tengah-tengah, jadi setiap hari kami dapat duduk di balkon untuk menyaksikan matahari terbit dan terbenam. Luar biasa indahnya.Pantai publik yang berada tepat di depan hotel akan jauh lebih cantik apabila orang-orang tidak membuang sampahnya di laut. Setiap hari Jumat, para staf hotel membersihkan sampah dari pantai. Saya harap pantai ini bisa bersih setiap hari.Stafnya ramah dan santun. Sarapannya biasa saja; ada hari tertentu yang lebih baik dari yang lain. Menunya diubah setiap hari, tetapi kalau sudah terlambat datang untuk sarapan makanannya akan habis karena tidak diisi ulang lagi.Kekurangannya bagi kami: seharusnya hotel memasang Wi-Fi yang tersedia di semua kamar. Saat ini, Wi-Fi hanya tersedia di area lobi dan restoran – cukup merepotkan jika perlu akses Internet. Telkomsel 3G juga tidak bekerja kadang-kadang.Kami juga menghabiskan malam terakhir kami di kamar Deluxe (kamarnya lebih besar dan ada bak mandi), tetapi tetap merasa tidak terlalu berbeda jauh dengan kamar Superiornya. Kamar Deluxe tidak terletak di tengah, melainkan di sisi, tetapi kami masih dapat menikmati duduk di balkon untuk memandangi laut dan kolam renang. Kamar mandinya aneh sekali karena ada jendela tembus pandang dan tirai mandinya berada di sisi kamar, bukan di dalam kamar mandi. Bagian kamar ini sebaiknya diperbaiki.Kami menghabiskan beberapa kali duduk di area kolam renang dan kami berpikir bahwa hotel perlu berinvestasi lebih lagi untuk kursi jemur karena yang ada saat ini sangat kasar untuk diduduki dan hanya ada 6 kursi jemur untuk semua pengguna hotel. Saya hanya membayangkan kalau tengah musim puncak, banyak orang tidak akan bisa duduk di tepi kolam renang. Area kolam renang sangat bagus dan luas.Biaya antar jemput Rp50.000 – tanpa basa-basi. Saran saya, makan di pusat kota. Restoran yang lumayan: MadeInItaly, The Lounge, Mediterraneo.Secara keseluruhan, kami menikmati penginapan kami di La Prima Hotel, Labuan Bajo dan akan merekomendasikan hotel ini. Terima kasih atas persinggahan yang menyenangkan dan kenangan yang indah. :)"
"Labuan Bajo","Hotel Waecicu Eden Beach","0","Wisnu K","","unik tradisional","bangunannya unik.view dari kamar bagus.makan pagi cukup dengan pancake..pantai yg landai cocok untuk bermain air.harganya miring.minus posisi hotel yg tinggi. tidak cocok untuk orang tua yang susah berjalan.untuk kesana saya memakai kapal khusus..begitu juga pada saat pulang. naik kapal lagi ke dermaga labuan bajo"
"Labuan Bajo","Hotel Waecicu Eden Beach","0","Steven P","","Cocok Bagi yang ingin kembali ke alam","Bali yang ingin merasakan taman ""eden"", hotel ini adalah tempat yang cocok. tenang, terpencil dan sangat natural. dekat dengan pulau komodo. sayang aksesnya dengan kendaraan tidak ada. pelayanan standar. tidak cocok untuk perjalanan bisnis"
"Labuan Bajo","Hotel Waecicu Eden Beach","0","CT_Mtn_Biker","SIN","Tempat menginap yang tenang dengan pemandangan yang indah","Saya dan istri saya menginap di sini dengan pasangan lain selama 3 hari sebelum berangkat untuk perjalanan snorkeling dengan kapal dan secara keseluruhan kami sangat puas. Pemiliknya sangat responsif dengan pertanyaan-pertanyaan saya lewat e-mail dan mengatur jemputan untuk kami di bandara tanpa masalah. Perjalanan naik kapal ke hotel sangat menyenangkan dan kami mendapat jamuan makanan yang lezat berupa ikan panggang yang dipilih oleh istri sang pemilik (dan chef hotel) sebelum kami meninggalkan Labuan Bajo. Makanannya sempurna! Makanannya secara keseluruhan lezat dan harga makanan dan minumannya masuk akal, tapi ikan panggang itu merupakan juara di seluruh perjalanan kami. Semua staf di sana sangat ramah dan ringan tangan setiap saat. Bungalownya dibangun dan didekorasi dengan baik. Sisi bukit menghadap barat, jadi pemandangan dan matahari terbenamnya MENAKJUBKAN. Pantai, air, dan snorkeling yang berada pas di depan hotel sangat bagus - tak ada kura-kura tapi saya melihat 5 ikan pari elang bintik di perairan yang lebih dalam dan banyak ikan, bintang laut, dan batu karang.Seperti yang disebutkan di ulasan-ulasan lain, kamar-kamar di sana (lebih tepatnya bungalow) semua terletak di sisi bukit dengan lanskap yang baik namun sangat terjal, jadi ingatlah bahwa anak tangga menjadi bagian dari pengalaman ini. Udaranya sangat panas dan tak begitu semilir ketika kami di sana, jadi saya sulit untuk tidur dengan jumlah jendela yang terbatas untuk dibuka (jendela terbesar ditutup mati) dan tanpa listrik (setelah pukul 10-11 malam) untuk menyalakan kipas angin. Bukan masalah besar secara keseluruhan, tapi lebih baik anda mengingatnya. Nyamuk-nyamuk sangat SANGAT agresif saat kami ada di sana (akhir Desember), jadi bawalah obat pengusir nyamuk dan/atau beli obat nyamuk bakar di kota. Obat nyamuk bakar sepertinya merupakan cara yang paling efektif.Secara keseluruhan, kami sangat menyukai tempat ini dan pasti akan kembali. Setelah menemukan bahwa obat nyamuk bakar bekerja dengan baik, kami jadi bisa lebih santai (nyamuk-nyamuk sangat menyukai istri saya) dan menikmati duduk di ruang makan di malam hari sambil makan, minum, dan bermain kartu. Jika Anda suka petualangan (dan itu wajib jika Anda mengunjungi area ini!), ini adalah tempat yang sangat menyenangkan untuk menginap."
"Labuan Bajo","Hotel Waecicu Eden Beach","0","jerry d","Singapore River, Singapura","Kami sekeluarga menikmatinya","Kami menginap di sana pada bulan November 2012. Tempatnya sangat nyaman dan kami senang tinggal di sana. Suasananya cukup tenang dan romantis. Anak-anak kami juga menyukainya, dan mereka dapat menghabiskan hari di pantai atau di dekat restoran.Makanannya juga enak: terdapat banyak macam hidangan ikan-ikanan, yogurt segar, dan lassi.Stafnya ramah dan santun, kami diberi banyak panduan tentang tempat-tempat menarik.Bungalonya dirancang dengan baik, akan tetapi, tak tertandingi dengan pemandangan sekitar yang sangat indah.Kami pergi ke Taman Komodo dengan kapal milik hotel, makanan dan layanannya pun memuaskan."
"Labuan Bajo","Hotel Waecicu Eden Beach","0","AeoN_12","Medan, Sumatera Utara, Indonesia","Glory For WaeChicu...","Smua yg ada disna sempurna...hanya tinggal pelayanan sdikit ditingktkan...agar menjdi slah satu wisata yg terbaik di labuhan bajo bahkan sluruh indonesiaSalam kami keluarga Sinaga di Medan...God Bless You..."
"Labuan Bajo","Golo Hilltop Hotel & Restaurant","0","Itchyfeet_Bgr","Jakarta, Indonesia","Hotel dengan pemandangan indah, tapi pelayanan yang biasa saja","Saya bersama 2 teman melakukan perjalanan di Flores melalui travel agent lokal, dan hotel ini adalah pilihan dari travel agent. Hotel ini terletak di perbukitan dengan pemandangan laut Flores. Kami mendapatkan kamar yang cukup besar dan terletak cukup tinggi sehingga kami mendapatkan pemandangan yang indah terutama pada saat matahari terbenam. Tidak banyak pilihan untuk makan pagi dan tidak ada yang istimewa dengan pelayanan hotel (kami harus membawa koper kami dari tempat parkir ke kamar dengan menaiki tangga yang cukup banyak karena kamar kami terletak dibagian atas bukit)."
"Labuan Bajo","Golo Hilltop Hotel & Restaurant","0","Ksu","Moscow","Pemandangan yang mengagumkan dengan atmosfir yang santai.","Hotel ini terdiri dari beberapa bungalo di atas bukit dengan pemandangan mengagumkan dari pulau-pulau yang berdekatan. Kamarnya cukup standar tetapi memiliki AC, air panas, dan kelambu. Dibutuhkan kira-kira 15 menit untuk berjalan kaki menuruni bukit ke pelabuhan. Kolam renangnya (yang juga memiliki pemandangan indah dan handuk tambahan) sangat menyenangkan, dan tersedia wi-fi gratis di area restoran (makanannya yang tersedia juga enak tapi hati-hati dengan porsi yang sangat besar!). Pemilik hotel bisa mengatur penjemputan dari bandara dengan harga yang sepadan. Kami juga melakukan perjalanan kapal ke pulau Komodo dan Rinca dan perjalanan mobil ke danau Kelimutu yang diatur oleh pegawai pereka Pieter - dan kami sangat puas. Perjalanan diatur dengan sangat baik dan semuanya berjalan lancar, serta kapalnya sangat nyaman dan bersih. Saya sangat merekomendasikan baik hotel dan pengaturan perjalanan dari mereka."
"Labuan Bajo","Golo Hilltop Hotel & Restaurant","0","TimnJane","Courtenay, Kanada","Surga yang terletak di pulau Flores.","Kami tinggal selama 5 hari di Golo pada bulan Maret yang lalu. Pemandangannya luar biasa! Kolam renangnya bagus dan restorannya menyenangkan, kamarnya bersih serta pemilik dan stafnya sangat baik. Kami akan kembali kapanpun!Ingrid & Judith mengatur tur yang istimewa untuk kami dari LBJ ke Maumere. Peter mengurus perjalanan kapal kami ke pulau Rinca dan pulau Komodo (sayang sekali cuacanya kurang bagus) dan sore yang menyenangkan di ""Sekolah Turisme"".Perjalanan kami melintasi Flores sangat menakjubkan. Anda bisa menemui foto-foto kami pada saluran YouTube kami ""McCarrollish""."
"Labuan Bajo","Golo Hilltop Hotel & Restaurant","0","dr_anastasia","Jakarta, Indonesia","Hotel yang tidak ramah pada turis Indonesia","Saya bepergian bulan Desember 2011 bersama sahabat saya orang asli Flores. Kami tiba di airport seorang diri dan dijemput dengan transport dari hotel (mobil avanza) dengan membayar 30ribu 1x jalan. Saat datang petugas sangat ramah, saya bahkan boleh berhenti sebentar untuk berfoto. Tiba di hotel, kami disambut dengan ramah dan dijelaskan tentang sarana transportasi yang tersedia, serta informasi boat yang bisa disewa untuk ke pulau komodo keesokan harinya. Saat itu kami menyewa kapal lewat orang hotel bernama Peter, setelah sepakat harga dan waktu berangkat, jam 05.00 keesokan harinya kami dijemput ojek untuk ke dermaga. Kami sangat menikmati pelayaran hari itu karena awak kapal sangat mengerti bagaimana menservice tamu.Sayangnya kami tiba kembali di labuan bajo pkl 21.00 (mungkin terlalu malam karena ada hubungan dengan bahan bakar) kami cukup lama menunggu ojek yang menjemput, dan seketika itu hilanglah keramahan bapak Peter. Keesokan paginya, kami langsung ditagih pembayaran. Dan saat kami mau check out, kami hanya akan diantar dengan angkot sewaan dengan tarif yang sama dengan saat kami datang. Belum lagi petugas hotel yang sikapnya kasar dan membentak2 kami, padahal jelas2 kami sudah membayar lunas dan check out tepat waktu.Mungkin untuk turis Indonesia kurang tepat jika anda menginap di sini, hotel ini hanya ramah kepada turis asing."
"Labuan Bajo","Puri Sari Beach Hotel","0","Ningrum02","Jakarta, Indonesia","Menginap 1 malam di Puri Sari Beach, GREAT :)","Menyenangkan dapat menginap di Puri Sari Hotel, kamar yang luas dan bersih, kamar mandi yang luas, kolam renang yang luas, memiliki akses langsung ke pantai dari belakang hotel, makanan di resto cukup enak, pelayanan yang ramah dan cepat. Yang kurang hanya tidak dilengkapi hair dryer dan pilihan menu di resto tidak banyak. Selebihnya sangat memuaskan, saya akan memilih untuk kembali ke sini lagi :)"
"Labuan Bajo","Puri Sari Beach Hotel","0","Dr-Hendra-Yaputra","Jakarta, Indonesia","Hotel yang bersih dan dekat ke pantai","Hotel terletak tepat di tepi pantai. Agak jauh dari pusat kota, tetapi fasilitas yang tersedia cukup lengkap. Kamar bersih dengan AC. Kamar mandi luas dengan Shower dan air panas. Wifi tersedia di kamar gratis.Disediakan sarapan dengan variasi cukup baik. Restoran juga menyediakan menu lokal dan internasional untuk makan siang dan malam. Tersedia jemput - antar gratis dari bandara. Tersedia juga transportasi untuk jalan-jalan ke kota. Seluruh staf ramah dan siap membantu. Sangat direkomendasikan."
"Labuan Bajo","Puri Sari Beach Hotel","0","Matt K","Jakarta, Indonesia","Hotel baru dekat dengen pantai","Puri Sari Beach Hotel terletak beberapa kilometer arah Selatan dari pusat kota Labuan Bajo, dan terletak di taman tropis dekat pantai. Hotel ini baru dan kamar adalah benar-benar bagus, kamar mandi ada air panas. Koneksi wifi cepat dan gratis.Ruang makan dan ruang lounge terletak di lantai dua di udara terbuka dengan pemandangan ke arah pulau-pulau, dan sedikit tiupan angin sejuk. Kolam renangnya terletak di taman, dekat di pantai. Pantai ini hanya bagus untuk berenang di laut pasang, tetapi matahari terbenamnya sangat indah."
"Labuan Bajo","Puri Sari Beach Hotel","0","putri_eiskandar","Jakarta, Indonesia","Nyaman dan wifi cepet","Hotel ini menurut saya sangat nyaman, unik, kamar ok, kamar mandi air panas, wifi sangat cepet, kariawannya ramah, pelayanan makan pagi lumayan, pemandangan pantai bagus, pantai yang sepi. Kekurangan dari tempat ini tidak ada TV tetapi mereka menyediakan fasilitas wifi yang kecepatannya cepet agar para tamu bisa nonton dari laptop. Untuk pelayanan taksi hotel harganya tidak mahal dan juga pada saat saya datang ke flores taksi hotel menjemput saya. (konfirmasi hotel penerbangan pesawat untuk di jemput di hotel)"
"Labuan Bajo","Puri Sari Beach Hotel","0","Dania108","Denpasar, Bali, Indonesia","Bagus tapi butuh sedikit peningkatan","45 menit berjalan kaki dari pusat Labuan Bajo. Hotel yang tenang, bersih, dan bagus. Cukup aneh bahwa hotel bintang 3 tidak menyediakan TV di kamar, tapi beruntung bahwa internetnya cukup cepat sehingga saya bisa menonton film di iPad saya selama waktu istirahat malam"
"Labuan Bajo","Puri Sari Beach Hotel","0","Sara55","amsterdam","Bukan hotel pantai!","Satu lagi hotel yang memiliki potensi hebat tapi gagal mewujudkannya. Menyebut hotel ini sebagai hotel pantai adalah kesalahan besar. Mereka memiliki akses ke pantai, tapi pantainya kotor dan tak ada layanan hotel maupun fasilitasi di pantai. Area kolam renangnya sangat kotor. Stafnya malu-malu dan tidak ramah. Jika anda membutuhkan tempat untuk menginap karena Anda merencanakan untuk melakukan tur harian atau pergi menyelam, saya sarankan Anda menginap di dekat atau di dalam kota. Karena tempat ini terletak 2 km dari Labuan Bajo, Anda perlu mengatur transportasi setiap kali Anda mau pergi ke kota. Oh iya, kamar dan kamar mandinya sangat bagus."
"Labuan Bajo","The Jayakarta Suites Komodo-Flores","0","Posma S","","Tenang","Suasana hotel ini sangat tenang, hingga dari kamar kita bisa mendengar debur ombak dan peluit kapal di kejauhan. Sempurna untuk tidur yang berkualitas.Kondisi kamar luas dan bersih, tetapi minim colokan. Sajian makanan saat sarapan cukup bervariasi, namun rasanya kurang.Layanan staf sangat baik dan responsif.Jika ada kesempatan, tentu akan menginap di hotel ini lagi."
"Labuan Bajo","The Jayakarta Suites Komodo-Flores","0","Reynard S","Bandung, Indonesia","Review Jayakarta Suite Hotel Labuan Bajo","Letak lokasi hotelnya dekat dengan pusat kota labuan bajo,lebih ke selatan.dari bandara udara kelokasi hotel dapet ditempuh dengan 10 menit perjalanan.suasana hotel cocok buat family.breakfestnya mantap banyak pilihan (menunya ada mie,bihun,kwetiau,bubur,roti,pastry,bacon,telor,buah""an,puding di gelas mini).rasa makanannya mantap.kebersihan kamarny a sangat bersih.kerbersihan area hotelnya sangat bersih.pelayanan staff hotelnya pun ramah"" & baik."
"Labuan Bajo","The Jayakarta Suites Komodo-Flores","0","zeista","Jakarta, Indonesia","Hotel yang nyaman di labuan bajo","Hotel Jayakarta adalah salah satu hotel berbintang terbaik yang terletak di labuan bajo. Lokasi hotel cukup jauh dari pusat kota/pelabuhan, sehingga dibutuhkan ojek atau menunggu shuttle dari hotel jika ingin ke arah pelabuhan/kota.kondisi kamar cukup romantis, kalo nginep bukan pasangan trus sharing kamar, awas saling main intip2an.. hihihi..kalo dibuat bulan madu, pasti cocok.. jauh dari mana2 dan bisa fokus sama pasanganuntuk toiliet nya, blom ada waterspray, sehingga bisa yang pup untuk aktivitas bersih2 nya menggunakan air, cukup merepotkan.Untuk area hotel, cukup bersih dan indah, bagi kamar yang menghadap ke laut pemadangan cukup indah.Sarapan pagi, menu nya juga tidak banyak pilihan.. tetapi cukup mengenyangkan."
"Labuan Bajo","The Jayakarta Suites Komodo-Flores","0","FitriYenti","Bandung, Jawa Barat, Indonesia","Nice Pool","Datang untuk sekitar 18.00 Wita dan memulai check in secara grup, saya di datangi seorang staff yang menawarkan welcome drink. Hmmm segar,,Lobby yang semi outdoor dengan view dibelakang langsung pool membuat hati rileks ketika tinggal di hotel ini. Gazebo yang cukup luas, dan lantai catur menambah semarak kami yang berkumpul seru malam itu di pinggir pool.Hanya saya agak kecewa dengan pantai di belakang nya, agak kotor dan tampak tidak terawat. Padahan sepi dan jika bersih, sangat nyaman untuk menyendiri.Sarapannya juga lumayan enak untuk sebuah hotel yang terletak di pulau. Saya menyukai staff yang ramah, dan interior yang sangat etnik flores."
"Labuan Bajo","The Jayakarta Suites Komodo-Flores","0","JDPearl64","Tangerang, Indonesia","Kerja sambil rekreasi","Mendapatkan tugas ke Labuan Bajo serasa tugas berat namun ketika sampai di hotel yaitu Jayakarta semua semangat terkumpul lagi karena begitu tiba kami disambut dengan keramahan khas Indonesia, ruang reception berada di area terbuka sehingga udara segar mengalir nyaman, ditambah ruang meeting yg luas menghadap laut sangabt nyaman dan tenang utk kegiatan kami, dan kamar yg ckup luas, bersih dan tenang membuat kami betah. Sikap kooperatif semua Tim hotel mmbuat kami at home, bhkan ketika kami kesulitan akan mengakses tiket kepulangan krn sinyal buruk, anak magang pun bersikap luar biasa kooperatif tdk spt layaknya anak magang, krn anak tsb trampil melayani tamu. Tidak menyesal menginap di Hotel Jayakarta Labuan Bajo"
"Labuan Bajo","The Jayakarta Suites Komodo-Flores","0","Steven P","","Hotel Terewah di Labuan Bajo","kalau kamu ingin menginap di hotel mewah saat berkunjung ke pulau komodo, menginaplah di hotel ini. ini adalah hotel terbaik di labuan bajo dan kamu bisa mendapatkan akses ke airport komodo ataupun menyeberang ke pulau rinca/komodo"
"Labuan Bajo","The Jayakarta Suites Komodo-Flores","0","aiw2201","Bandung, Indonesia","Hotel terbaik di Labuan Bajo","Menginap di Jayakarta Labuan Bajo setelah seharian penuh melakukan trip ke gugusan pulau di Taman Nasional Komodo adalah pilihan yang sangat tepat. Kamar yang nyaman, fasilitas yang lengkap, dan keramahanan staf menjadi andalan bagi hotel ini. Setelah sarapan pagi yang mengenyangkan, tamu bisa berenang dan bersantai di saung pinggir kolam. Jika belum cukup, masih ada catur raksasa yang bisa menjadi pilihan menikmati waktu."
"Labuan Bajo","The Jayakarta Suites Komodo-Flores","0","Erlintirto","Jakarta, Indonesia","makanan yang memuaskan","Hotel dengan kamar yang luas dan bersih.Namun desain kamar standard saja.air panas berlimpah dan kamar mandi yang luas untuk ukuran kamar standard. Makan pagi dan malam yg cukup bervariasi dan banyak pilihan. Kolam renang luas dengan view yang menarik.Pelayanan yang ramah dan profesional."
"Labuan Bajo","The Jayakarta Suites Komodo-Flores","0","riyastini","Bali, Indonesia","sangat nyaman dengan view sangat cantik !!","dari segi bangunan, hotel ini tidak terlalu special. Yang membuat hotel ini special adalah site nya. hotel bintang 4 ini berada di tepi pantai pede yang landai dan sangat tenang berada di daerah yang minim pemukiman dan lingkungan sekitarnya masih perbukitan membuat suasana hotel menjadi sangat tenang dan nyaman, sangat private ! Gugusan pulau di seberang laut terlihat sangat indah dari balkon kamar. Luar biasa! Bahkan meeting roompun kebagian view perbukitan sekitar hotel yang sangat menawan. Sunset pun sangat mudah kita saksikan dari hotel, sangat indah. Lokasi hotel sangat strategis, dekat dengan bandara, pusat kota ataupun obyek wisata lain di Labuan Bajo. staf yang ramah, kamarnya luas dan nyaman. Namun kamar mandinya yang tanpa pintu sedikit membuat kaget saya dan teman -teman sekamar. Untuk transportasi umum memang sangat sulit dari hotel, tapi jangan khawatir staf hotel akan membantu untuk memberikan informasi penyewaan atau sekedar meminjamkan kendaraan bermotor miliknya untuk berkeliling dengan ongkos sewa yang terjangkau. untuk jaringan komunikasi, operator tertentu unreachable disini."
"Labuan Bajo","The Jayakarta Suites Komodo-Flores","0","AvRy10","Jakarta, Indonesia","Cantik","Hotelnya cantik sekali. Kamarnya luas dan bersih. Kolam renangnya menghadap ke pantai cantik sekali. Hotel dekat ke pelabuhan dan bandara. Suasananya sangat menyenangkan dan staffnya juga ramah dan sangat membantu jika memerlukan bantuan maupun menanyakan sesuatu."
"Labuan Bajo","The Jayakarta Suites Komodo-Flores","0","with_teruppi","Denpasar, Indonesia","Nyaman","Hanya ada sedikit hotel bintang 4 di Labuan Bajo.Akhirnya saya putuskan untuk menginap disini.Kamarnya luas dan bersih. Kolam renanganya menghadap ke pantai cantik sekali.Dekat ke pelabuhan dan bandara.Desainnya benar-benar khas Nusa Tenggara.Staffnya juga ramah dan proses cek in dan out cukup cepat.Untuk hotel yang berada di daerah, sarapannya cukup enak."
"Labuan Bajo","The Jayakarta Suites Komodo-Flores","0","William B","Denver, Colorado","Bagus betul!","Kunjungan ke Labuan Bajo dimahkotai oleh pengalaman di hotel ini. Saya bersama teman2 merasa sangat puas di tempat yg indah ini. Pelayanannya baik, makanannya baik, suasananya menyenangkan. Manajer sendiri bertemu dgn kami dan memastikan kepuasan kami."
"Labuan Bajo","The Jayakarta Suites Komodo-Flores","0","BenyaminLakitan","Jakarta, Indonesia","Bersih dan Layanan Ramah","Salah satu hotel dengan kapasitas besar di Labuan Bajo. Lokasi di tepi pantai pasir putih. Kolam renangnya terpelihara baik dan airnya bersih. Layanannya baik dan personelnya ramah. Pada saat berkunjung, saya masih melihat sekumpulan burung bangau tongtong di pinggir pantai. Makanan sarapan pagi memang tidak istimewa, tapi lumayan baik dengan alternatif pilihan yang memadai. Ukuran kamar cukup lega. Pelengkapan kamar mandi berfungsi dengan baik."
"Labuan Bajo","The Jayakarta Suites Komodo-Flores","0","mstikka2529","Tangerang, Indonesia","Hotel yang tepat untuk anda di Labuan Bajo","Ketika berkunjung ke Labuan Bajo, NTT dengan niat untuk Pergi ke salah satu world heritage wonders, saya dan rombongan memutuskan untuk menginap di The Jayakarta Suites. Hotel ini yang juga di rekomendasikan ketika anda baru mendarat di Bandara Komodo, Labuan Bajo. Jadi tidak ada salahnya untuk menginap disini selama kami berkunjung di Labuan Bajo. Begitu sampai di hotel,memang ternyata kami tidak salah memilih, begitu masuk, dari front office kami bisa melihat langsung hamparan kolam renang yang memanggil manggil kami untuk segera berenang. Selain itu dari kolam renang, kami bisa melihat hamparan laut dan jajaran pulau pulau di sekitar labuan bajo. Matahari terbenam nya? Karena Labuan Bajo adalah kota pelabuhan, pemandangan matahari terbenamnya bagus sekali.Ketika sarapan pun, pilihan makanan nya beragam. Untuk anda yang Muslim seperti saya, tidak perlu khawatir karena pihak hotel memisahkan mana makanan halal dan non halal, jadi anda Dapat menikmati sarapan dengan nyaman. Apabila berkunjung ke Pulau Komodo lagi, saya tidak akan berpikir dua kali untuk menginap disini selama saya menetap di Labuan Bajo."
"Labuan Bajo","The Jayakarta Suites Komodo-Flores","0","diocta","Jakarta, Indonesia","Pemandangan paling pas","Dua kali dalam waktu dua minggu berturut-turut saya menginap di sini. Terletak di wilayah yang memang banyak terdapat hotel, Jayakarta lebih menang karena dari sisi kiri kita dapat melihat langsung ke laut yang biru dan di sisi kanan pegunungan hijau sejauh mata memandang.Kamar suite dan deluxe cukup menyenangkan hanya saja banyaknya gantungan kain tenun sebagai dekorasi membawa masalah bagi saya yang alergi debu. Sepertinya kain-kain tersebut tidak dibersihkan secara teratur.Sarapan dan menu fullboard meeting sangat enak. Staff sangat ramah dan sigap membantu. Sangat layak dijadikan tujuan menginap"
"Labuan Bajo","The Jayakarta Suites Komodo-Flores","0","Brian R","San Diego, California","Hotel menyenangkan, staf ramah, namun sulit berkomunikasi.","Tempat yang sangat menyenangkan namun jauh dari desa. Mereka benar-benar meminta 50.000 untuk transportasi ke desa yang saya pikir sedikit aneh, tapi ya sudahlah. Mereka sangat membantu, tapi saya merasa cukup sulit berkomunikasi dnegan stafnya karena mereka kesulitan dalam berbicara bahasa Inggris. Jangan salah sangka, saya benar-benar memahami bahwa saya sedang berada di Indonesia dan saya satu-satunya yang tidak dapat berbicara bahasa mereka, tapi saya pikir saya ingin berbagi pengalaman saya. Setelah beberapa obrolan untuk mendapatkan informasi, saya menjadi sedikit frustrasi. Jika Anda ingin ke Komodo/Rinca, pergilah ke kota dan biarkan penduduk setempat menangani urusan Anda. Benar-benar lebih murah dan saya mendapatkan pengalaman luar biasa. Kamar saya (620) luar biasa. Itu adalah suite sudut tertinggi dengan pemandangan menakjubkan. Anda harus memesan kamar ini! Wi-finya benar-benar berfungsi di sana meski saya berada di lokasi dengan sinyal yang buruk. Mereka memberitahukan di awal bahwa tidak ada wi-fi di kamar...hanya di lobi. Skor! Tempat tidurnya juga nyaman. Sangat luas dan nilainya 4/5. Makanannya jauh lebih mahal daripada di hotel tapi sangat enak. Salad daging Thai-nya enak. Saya benar-benar merekomendasikan untuk menginap di sini, hanya jika Anda mencari kemewahan di kota ini, Anda dapat memperoleh tempat yang lebih murah di tempat lainnya dan mungkin akan menyenangkan. Dalam beberapa hal, saya berharap saya menginap di kota untuk kemudakan, tapi saya senang bersantai di kamar saya saat tiba di sana."
"Labuan Bajo","The Jayakarta Suites Komodo-Flores","0","mythary","Singapura, Singapura","Kamarnya layak tapi secara keseluruhan ini adalah hotel yang luar biasa!","Ini adalah salah satu hotek terbaik di Labuan Bajo. Kolam renang dan nuansanya luar biasa walaupun kamarnya bisa lebih ditingkatkan lagi. Kami menginap di lantai 7 hotel ini dengan kamar berpemandangan laut. Tempat tidurnya nyaman tapi tidak ada pintu untuk kamar mandi sehingga sedikit canggung saat Anda menginap bersama teman, selain itu, tempatnya bersih, layak, dan baru. Staf hotelnya sangat baik dan mau membantu kami, layanan antar-jemput ke bandara benar-benar seperti angin segar bagi kami. Saya sangat merekomendasikannya bagi siapa saja untuk menginap di sana saat mereka mengunjungi Labuan Bajo.Kami menginap selama 4 hari di Pulau Komodo dan Pulau Rinca, jadi saat kami kembali menginap di hotel, rasanya menyennagkan! pemandi wisata kami lebih dari sekadar mengagumkan! Mereka memiliki koneksi di hotel jadi kami mendapatkan tarif yang bagus juga!"
"Labuan Bajo","The Jayakarta Suites Komodo-Flores","0","ruscom","Melbourne, Australia","Lokasi bagus, kamar layak dengan tarif $70 per malam.","Saya menginap di Jayakarta di Flores semalaman. Saya mendapat penawaran bagus seharga $70 per malam. Itu lebih baik dibandingkan kebanyakan hotel yang saya singgahi dengan kisaran harga ini.Lokasi hotelnya luar biasa, kamarnya juga cukup bagus.Saya juga menikmati sarapannya.Lokasinya sedikit di luar kota dan itu mungkin kelemahan utamanya.Saya harap saya dapat menginap lebih lama."
"Labuan Bajo","The Jayakarta Suites Komodo-Flores","0","Kai S","New York City, New York","Membuat Anda merasa disambut","Ini adalah hotel baru dan karyawannya masih belajar. Walau ada beberapa hal yang bisa diperbaiki, faktor terpentingnya sudah ada: Tamu dilayani dengan sangat ramah dengan sikap asli dari resepsionis (di bandara) hingga check out. Hotelnya sendiri sangat bersih dan fasilitasnya bagus; kolam renang, area sarapan dan spa. Sekarang yang bisa diperbaiki: ya, hotel bisa menambah lift; ventilasi gym juga bisa lebih efektif; dan agak aneh melihat karyawan sarapan bersama tamu. Kelemahan utamanya adalah tempat mobil.Hotel ini terletak 2-3km dari kota, para tamu mengandalkan angkutan hotel untuk pergi ke restoran, latihan menyelam, pelabuhan,... Menyewa mobil untuk perjalanan ke kota mudah. tetapi, mengatur antar-jemput ini sangat menantang. Koneksi jaringan telfonnya buruk, supir kadang ketinggalan penumpang di tempat bertemu( hanya melewatinya!), pengaturan waktunya tidak jelas,dsb. Ini harus diperbaiki untuk menjaga kepuasan tamu. Walau begitu, ini pengalaman yang mengesankan di provinsi termiskin di Indonesia. Ada potensi besar untuk pariwisata di Labuanbajo. Jangan rusak itu!"
"Labuan Bajo","The Jayakarta Suites Komodo-Flores","0","Wijaya R","Bali, Indonesia","Bisa lebih baik","Perjalanan terakhir kami pada akhirnya Flores di Labuan Bajo dan kami telah memesan dua kamar di hotel ini. Sedikit keluar dari kota tapi itu tidak masalah sama sekali. Check-in proses ini besar dan mereka diperbarui pemesanan kami dengan jenis yang lebih tinggi yang sangat baik dari mereka (kami hanya menduga tempat itu sudah mati kosong) sekelilingnyaterlihat kering dan tidak terawat tapi sekali lagi alasan adalah ini jika Flores (kita diciptakan nama yang bagus untuk ini TIF) ruangan itu luas tapi TV agak kecil dan tidak mudah untuk melihat karena terlalu kecil dari tempat tidur kami (satu-satunya tempat kita bisa menonton TV) kami telah makan siang di restoran dan layanan begitu lambat, butuh 1 jam untuk mendapatkan minuman kami setelah kami meminta seorang pria dengan hitam polo (seragam?) dan anak-anak kita cukup sabar.Pemesanan makanan kami adalah tidak ada yang istimewa dan saya harus katakan adalah makanan terburuk yang pernah kita telah merasakan selama perjalanan kami di Flores. Jumlah mahal tapi tidak layak. Secara keseluruhan itu hanya OK <pantai apa-apa dan tidak untuk berenang. Staf kantor depan yang besar tetapi tidak F & B tim mereka. Sarapan terlihat sedih dan rasa tidak ada sama sekali. ¥"
"Labuan Bajo","Sylvia Waicicu Beach Resort","0","DewiRatih20","Bandung, Indonesia","Sunset Beach Hotel","Hotel ini sangat cocok bagi anda yang menginginkan privacy.Lokasi yang sunyi, nyaman dan tenang, membuat liburan anda jadi menyenangkan.Selain memiliki kolam renang dan suasana pantai, hotel ini juga private boat dan dermaga pribadi."
"Labuan Bajo","Sylvia Waicicu Beach Resort","0","Randy P","","Nice","Tempatnya bagus, sngat tempat untuk berlibur, karena tempatnya sangat sunyi, sunset bagus,, pantai, kolam, free kayak, and internet akses bagus, restoran view laut, kita bisa menikmati makanan dan minuman sambil melihat suset yang begitu indah, kita bisa menikmati berbagai jenis makanan ala eropa dan indonesia,sangat cocok juga untuk berlibur dengan keluarga,karena di hotel ini juga ada kolam untuk anak anak, dan untuk dewasa, kolamnya dekat pantai,"
"Labuan Bajo","Sylvia Waicicu Beach Resort","0","mjessicah","Bandung, Indonesia","OK","Kamar hotel bersih dan luas (bisa untuk 4 orang tapi tambah biaya), ada pantai pribadi dan bisa memakai canoe yang disediakan hotel, namun akses menuju hotel parah. Jalanannya buruk, jauh dari kota, kalau ingin ke kota perlu sewa mobil dari hotel dan harganya cukup mahal. Layanan antar jemput ke airport gratis."
"Labuan Bajo","Sylvia Waicicu Beach Resort","0","Zubhan Z","","Heaven.... ","Hotel yang bagus untuk harga 650k, view sunset yang sempurna, kamar yang nyaman, mungkin bagi orang Indonesia akan cukup menyenangkan karena hotel ini menyediakan guling.. Hanya saja masakannya rasanya biasa aja...."
"Labuan Bajo","Sylvia Waicicu Beach Resort","0","emboacon","Kupang, Indonesia","akses sulit","lokasi cukup jauh dari pusat kota ditambah kondisi jalan yang kurang baik harus menjadi pertimbangan utama jika anda ingin menginap di hotel ini. wifi hanya dapat diakses di area publik. selebihnya cukup baik. pelayanan staf bagus dan ramah."
"Labuan Bajo","Sylvia Waicicu Beach Resort","0","buburik","Jakarta, Indonesia","bersih, cukup nyaman, sesuai dengan harga","Saat saya menginap di hotel Sylvia, hotel itu baru berdiri sekitar 1-2 tahun jadi masih oke. Kamar cukup bersih. Kamar saya langsung menghadap laut, dimana lagi bisa mendapatkan kamar yang ocean front dengan harga segini :) Letak hotel ini agak jauh dari jalan utama Labuan Bajo, jauh dari hiruk pikuk keramaian. Akses jalan masih kurang, tapi pemandangan bagus dan terasa sangat private. Namun kekurangannya, laut di depan hotel saat saya kesana kurang bisa diberenangi dan terlalu banyak rumput laut.Hotel ini dekat dengan dock untuk naik kapal ke pulau2 sekitar.Service dan makanan so-so. Masi ada room for improvement.Overall hotel yang tenang, bersih dan cukup nyaman, value for money."
"Labuan Bajo","Sylvia Waicicu Beach Resort","0","William B","Denver, Colorado","Bisa lebih baik","Lokasi hotel ini bagus. Tenang, karena agak jauh dari keramaian kota Labuan Baju. Kamarnya lumayan, dgn pemandangan yg bagus. Masakan biasa. Pelayan2 ramah tamah. Manajmen dapat belajar dari hotel2 tetangga yg lebih baik."
"Labuan Bajo","Sylvia Waicicu Beach Resort","0","Wienz","","View bagus, yang lainnya masih kurang","Pro : lokasi cantik dekat sekali dengan pinggir pantai ke arah matahari terbenam, dekat bukit utk melihat matahari terbit, pemandangan sekitar hotel bagus, bisa naik kano gratis. Kontra : staf belum pakai seragam, banyak lalat walau di ruang meeting, makanan tidak bervariasi, tidak ada kopi dan teh dalam kamar, jalanan ke hotel masih tanah dan berdebu, jauh dari kota, sinyal tidak kuat (on off)"
"Labuan Bajo","Sylvia Waicicu Beach Resort","0","rahma_ahmad","Jakarta, Indonesia","Pemandangan bagus, namun makanannya buruk","Terletak di pantai Waicucu, hotel ini punya pemandangan yang bagus ke arah pantai. Kamarnya lumayan besar (saya menempati kamar double) dengan kamar mandi yang cukup bersih. Restoran terletak di lantai dua, dari sana bisa melihat ke arah pantai. Namun makanan yang disajikan sangat biasa (hanya mie goreng dan telur), tidak setara dengan harga kamar yang cukup mahal."
"Labuan Bajo","Sylvia Waicicu Beach Resort","0","NiceGirl22","jakarta","Hotel Tersembunyi","Saya menginap di Sylvia Waecicu selama 5 hari. Kesan pertama adalah perjalanan ke hotel yang amat melelahkan karena jalanan yang sangat jelek. Butuh sekitar 15-20menit melewati jalanan yg berbatu dan sangat gelap bila malam. Lokasi hotel cukup terisolir dari pusat kota.Tapi semuanya terbayar dengan pemandangan pantai waecicu yang sangat indah. Hotel memberikan fasilitas canoe yg dapat dimainkan secara gratis. Hotel juga memiliki dermaga sendiri sehingga sewaktu kami akan ke komodo kamj dapat dijemput di dermaga hotel (tidak perlu ke pusat kota). Fasilitas lainnya juga cukup baik. Menj sarapan beragam. Kami juga sempat mencoba menu BBQ yg cukup value for money.Kamar hotel terbilang cukup baru namun kebersihan tidak terjaga. Banyak kotoran binatang di lantai kamar mandi serta keran ada beberapa yg bocor.Hotel sendiri memiliki jasa antar jemput namun armada mobil/supir sangat terbatas (hanya 2/3). Jadi untuk mereka yang akan bepergian/kembali ke airport disarankan untuk memesan sebelumnya mengingat lokasi yang terpencil."
"Labuan Bajo","Chez Felix Hotel & Restaurant","0","Jim H","Hyderabad, India","Pemandangan yang menakjubkan, pelayanan bagus dan harga pantas","Kami menginap disini selama beberapa hari di November 2012 di sebuah kamar yang sangat bersih, kamar double yang dilengkapi dengan sebuah kipas angin, air dingin (bukan sebuah masalah di Flores!) dan toilet bergaya barat. Harganya sama dengan tempat lain yang pernah kami tempati tetapi nilainya lebih baik. Kami menyukai pemandangannya dan kebun tropis yang indah. Maria memberikan pelayanan informasi tentang kegiatan dan transportasi ke tujuan selanjutnya dengan ramah dan membantu dan fasilitas wifi gratisnya juga sangat berguna.Anda bisa berjalan kaki 10 menit dengan mudah menuruni bukit menuju ke desa, dan ini menjadikan tempat ini sepi namun mudah ditempuh"
"Labuan Bajo","Chez Felix Hotel & Restaurant","0","kay-and-david","western australia","koleksi tanaman-tanaman euphorbia yang bagus dan pemandangannya bagus","Kamar-kamarnya besar dan sederhana, di sana terdapat sebuah pengatur udara di dinding yang menambah ongkos. Kamar mandi biasa, dengan air dingin dan tidak kotor tapi tidak bersih juga, hanya debu dalam ruangan. Berlumut ya. Tapi pemandangan dari restoran bagus, birnya dingin dan di LBJ kamu akan dapat lebih buruk. Berjarak 10 menit berjalan ke jalan utama di bawah bukit, sebuah negeri memukau yang beragam etnis."
"Labuan Bajo","L Bajo Hotel","0","retakumoro","Jakarta, Indonesia","Nyaman dan Bersih","Hotelnya OK, bersih dan nyaman. Dapet harga sekitar 300ribuan untuk kamar double bed. dan dapet fasilitas airport transfer gratis. ini penting karena tidak banyak kendaraan umum di bajo. kamarnya bersih. air panas ok. ac nya kurang dingin sih."
"Labuan Bajo","L Bajo Hotel","0","Reinheart_damanik","Kupang, Indonesia","Nice Hotel","Fasilitas oke, kamar cukup luas, kamar mandi bersih - shower) pelayanan baik, ada free wifi di lobby, harga sekitar 300an (harga mungkin juga tergantung season), bersih dan disebelahnya ada mini market. Ada juga pelayananan untuk antar ke bandara."
"Labuan Bajo","L Bajo Hotel","0","nristiana","Jakarta, Indonesia","recomended!","Tempatnya tidak jauh dari bandara sekitar 7 menit dan ke pelabuhan sekitar 10 menit. Tempatnya nyaman, ada Wi-fi. Lokasinya di tengah kota Labuan Bajo. Kamarnya cozy dan bersih. Overall good! harganya juga terjangkau.. dibanding dengan losmen2. Hampir sama."
"Labuan Bajo","L Bajo Hotel","0","Steven P","","Hotel oke di Labuan Bajo","Tidak banyak hotel bagus di labuan bajo. ini yang cukup lumayan oke dibandingkan yang lainnya. Tempatnya cukup bersih dan pelayanannya juga cukup memuaskan. Mudah diakses untuk ke pelabuhan menuju pulau komodo"
"Labuan Bajo","L Bajo Hotel","0","Yutika V","","Hotel Nyaman Letak Strategis di Labuan Bajo","Kami datang siang menjelang sore. Hotelnya sudah banyak pengunjungnya. Pelayanan resepsionisnya baik, tapi agak lama proses pengurusan dokumen check in. Kamar yang diberikan bersih dan nyaman. Staff cukup informatif. Letak dari hotel ini ditengah kota jadi cukup strategis. Ada convenient store satu blok dengan bangunan hotel, tapi ada baiknya jalan sedikit di bagian depan ada toko kelontong dengan harga yang lebih murah. Di depan hotel ada restaurant Blessing, ikan kuah asam nya luar biasa enak, patut dicoba. Kami juga boleh menitipkan barang kami saat kami LOB menuju Pulau Komodo. Secara keseluruhan pelayanan baik, namun masih kurang banyak staff nya dan standar pelayanan belum cukup baik."
"Labuan Bajo","L Bajo Hotel","0","dharma_lim","Jakarta, Indonesia","Baru dan Bersih namun min fasilitas","Lokasi: +/- 1 km dari bandara L.bajo apabila anda hendak berjalan kaki maka setelah keluar bandara ambil jalan ke kiri. Terdapat beberapa restaurant padang di sekitaran hotel namun pada malam hari kita dapat berjalan kaki +/- 2 km ke kampung ujung untuk menikmati fresh seafood.Hotel ini memiliki kamar yang cukup luas dan bersih namun sangat minim fasilitas. Hotel juga dilengkapi dengan fasilitas free wifi dengan speed average.Tidak tersedia menu sarapan, hotel hanya menyediakan kopi dan Teh, namun kita dapat membeli popmie seharga IDr 5000 apabila memang membutuhkan sarapan.Kesimpulan: apabila memiliki budget terbatas hotel ini dapat dipertimbangkan karena hotelnya masih relatif baru walau minim fasilitas di bandingkan hotel lainnya yg menyerupai rumah penduduk, untuk kamar dengan kipas angin pun hanya 150ribu."
"Labuan Bajo","L Bajo Hotel","0","Simone A","","Kamar nyaman fasilitas minim","untuk kamarnya cukup nyaman............... tetapi sayangnya tidak ada jaringan internet.. untuk kamar belakang view nya sangat jelek & tidak tersedia breakfast... untuk sarapan harus ke minimarket bali untungnya berada disebelah hotel.."
